Chamber,District,Name,City,County,BUILD
Senate,1,Javier Cervantes,Chicago,Cook,Chief Sponsor
Senate,2,Omar Aquino,Chicago,Cook,
Senate,3,Mattie Hunter,Chicago,Cook,Chief Sponsor
Senate,4,Kimberly A. Lightford,Maywood,Cook,
Senate,5,Lakesia Collins,Chicago,Cook,
Senate,6,Sara Feigenholtz,Chicago,Cook,Chief Sponsor
Senate,7,Mike Simmons,Chicago,Cook,
Senate,8,Ram Villivalam,Chicago,Cook,
Senate,9,Laura Fine,Glenview,Cook,
Senate,10,Robert Martwick,Chicago,Cook,
Senate,11,Mike Porfirio,Bridgeview,Cook,
Senate,12,Celina Villanueva,Chicago,Cook,
Senate,13,Robert Peters,Chicago,Cook,Chief Sponsor
Senate,14,Emil Jones III,Chicago,Cook,
Senate,15,Napoleon Harris,Harvey,Cook,
Senate,16,Willie Preston,Chicago,Cook,
Senate,17,Elgie Sims,Chicago,Cook,
Senate,18,William Cunningham,Chicago,Cook,
Senate,19,Michael Hastings,Tinley Park,Cook,
Senate,20,Graciela Guzmán,Chicago,Cook,
Senate,21,Laura Ellman,Lisle,DuPage,Chief Sponsor
Senate,22,Cristina Castro,Elgin,Kane,Chief Sponsor
Senate,23,Suzy Glowiak,Western Springs,Cook,
Senate,25,Karina Villa,West Chicago,DuPage,
Senate,27,Mark L. Walker,Arlington Heights,Cook,Co-Sponsor
Senate,28,Laura Murphy,Des Plaines,Cook,
Senate,29,Julie Morrison,Deerfield,Lake,
Senate,30,Adriane Johnson,Buffalo Grove,Lake,Chief Sponsor
Senate,31,Mary Edly-Allen,Libertyville,Lake,
Senate,34,Steve Stadelman,Rockford,Winnebago,
Senate,36,Michael Halpin,Rock Island,Rock Island,Co-Sponsor
Senate,39,Don Harmon,Oak Park,Cook,
Senate,40,Patrick Joyce,Kankakee,Kankakee,
Senate,42,Linda Holmes,Aurora,Kane,
Senate,43,Rachel Ventura,Joliet,Will,
Senate,46,Dave Koehler,Peoria,Peoria,Chief Sponsor
Senate,48,Doris Turner,Springfield,Sangamon,
Senate,49,Meg Loughran Cappel,Shorewood,Will,
Senate,52,Paul Faraci,Champaign,Champaign,
Senate,57,Christopher Belt,Cahokia Heights,St. Clair,
House,1,Aaron Ortiz,Chicago,Cook,
House,2,Elizabeth Hernandez,Cicero,Cook,
House,3,Eva-Dina Delgado,Chicago,Cook,
House,4,Lilian Jiménez,Chicago,Cook,
House,5,Kimberly du Buclet,Chicago,Cook,
House,6,Sonya Harper,Chicago,Cook,
House,7,Emanuel Chris Welch,Hillside,Cook,
House,8,La Shawn Ford,Chicago,Cook,
House,9,Yolonda Morris,Chicago,Cook,
House,10,Jawaharial Williams,Chicago,Cook,
House,11,Ann Williams,Chicago,Cook,
House,12,Margaret Croke,Chicago,Cook,
House,13,Hoan Huynh,Chicago,Cook,
House,14,Kelly Cassidy,Chicago,Cook,
House,15,Michael Kelly,Chicago,Cook,
House,16,Kevin Olickal,Skokie,Cook,
House,17,Jennifer Gong-Gershowitz,Glenview,Cook,
House,18,Robyn Gabel,Evanston,Cook,
House,19,Lindsey LaPointe,Chicago,Cook,
House,21,Abdelnasser Rashid,Justice,Cook,
House,22,Angelica Guerrero-Cuellar,Chicago,Cook,
House,23,Edgar González Jr.,Chicago,Cook,
House,24,Theresa Mah,Chicago,Cook,Co-Sponsor
House,25,Curtis Tarver,Chicago,Cook,Chief Sponsor
House,26,Kam Buckner,Chicago,Cook,Chief Sponsor
House,27,Justin Slaughter,Chicago,Cook,
House,28,Robert Rita,Blue Island,Cook,
House,29,Thaddeus Jones,Calumet City,Cook,
House,30,Will Davis,Homewood,Cook,
House,31,Michael Crawford,Chicago,Cook,Co-Sponsor
House,32,Lisa Davis,Chicago,Cook,Co-Sponsor
House,33,Marcus C. Evans Jr.,Chicago,Cook,
House,34,Nicholas Smith,Chicago,Cook,
House,35,Mary Gill,Chicago,Cook,
House,36,Rick Ryan,Evergreen Park,Cook,
House,38,Debbie Meyers-Martin,Olympia Fields,Cook,
House,39,Will Guzzardi,Chicago,Cook,
House,40,Jaime Andrade Jr.,Chicago,Cook,
House,41,Janet Yang Rohr,Naperville,DuPage,
House,42,Margaret DeLaRosa,Glen Ellyn,DuPage,
House,43,Anna Moeller,Elgin,Kane,
House,44,Fred Crespo,Hoffman Estates,Cook,
House,45,Martha Deuter,Westmont,DuPage,
House,46,Diane Blair-Sherlock,Villa Park,DuPage,
House,49,Maura Hirschauer,Batavia,Kane,
House,50,Barbara Hernandez,Aurora,Kane,
House,51,Nabeela Syed,Inverness,Cook,
House,53,Nicolle Grasse,Arlington Heights,Cook,
House,54,Mary Beth Canty,Arlington Heights,Cook,
House,55,Justin Cochran,Des Plaines,Cook,
House,56,Michelle Mussman,Schaumburg,Cook,
House,57,Tracy Katz Muhl,Northbrook,Cook,
House,58,Bob Morgan,Deerfield,Lake,
House,59,Daniel Didech,Buffalo Grove,Lake,
House,60,Rita Mayfield,Waukegan,Lake,
House,61,Joyce Mason,Gurnee,Lake,
House,62,Laura Faver Dias,Grayslake,Lake,
House,66,Suzanne Ness,Crystal Lake,McHenry,
House,67,Maurice West,Rockford,Winnebago,
House,68,Dave Vella,Rockford,Winnebago,Co-Sponsor
House,72,Gregg Johnson,East Moline,Rock Island,
House,76,Murri Briel,Ottawa,LaSalle,
House,77,Norma Hernandez,Melrose Park,Cook,
House,78,Camille Lilly,Chicago,Cook,
House,80,Anthony DeLuca,Chicago Heights,Cook,
House,81,Anne Stava-Murray,Downers Grove,DuPage,
House,83,Matt Hanson,Aurora,Kane,
House,84,Stephanie Kifowit,Oswego,Kendall,
House,85,Dagmara Avelar,Bolingbrook,DuPage,
House,86,Lawrence M. Walsh Jr.,Elwood,Will,
House,91,Sharon Chung,Bloomington,McLean,
House,92,Jehan Gordon-Booth,Peoria,Peoria,Chief Sponsor
House,96,Sue Scherer,Decatur,Macon,
House,97,Harry Benton,Plainfield,Will,
House,98,Natalie Manley,Joliet,Will,
House,103,Carol Ammons,Urbana,Champaign,
House,112,Katie Stuart,Edwardsville,Madison,
House,113,Jay Hoffman,Swansea,St. Clair,
